Classification,Rndrng Prvdr Zip5,Tot Mdcr Pymt Amt
urban,85234,26452960
urban,91790,2283417
urban,75701,97234369
urban,75701,75860390
urban,75701,15069281
urban,33196,16709382
urban,78224,12636931
urban,90605,8794855
rural,95932,6090346
urban,46383,39837952
urban,38401,35842929
urban,76240,6182506
urban,53066,13312614
urban,53066,8658941
urban,55337,26050251
urban,95616,12202495
urban,51101,31833199
rural,84066,4952691
urban,94520,92941862
rural,22630,9358303
rural,71953,2137234
urban,06320,40700377
urban,01742,22015402
urban,66606,28087547
urban,08210,24856668
urban,92225,988728
urban,87301,7265883
urban,87301,10028516
urban,94116,6966110
urban,45014,32022485
urban,78041,15154562
rural,87544,3635075
urban,43230,318258
urban,68506,131416781
urban,68506,1026023
urban,29379,1860831
urban,90404,80483055
urban,90404,116489577
urban,37650,832525
urban,94574,40707852
urban,83854,8890204
urban,34667,53669025
urban,08820,72410140
urban,74037,7567030
urban,97401,2708449
urban,33040,11467803
urban,98837,11890953
urban,98055,49550543
urban,33410,40904760
urban,93534,45113674
urban,36201,3220682
urban,83001,13280410
urban,48843,13061974
urban,68123,13840676
urban,35235,30802607
urban,75034,2687751
urban,91307,48383033
urban,11714,27995365
urban,66044,21623785
urban,37620,38410424
urban,65265,2668354
urban,26330,40910311
rural,67801,5730164
urban,74104,99669409
urban,74104,76632098
urban,02360,60651749
urban,48075,104237557
urban,48075,1861199
urban,93654,2398985
urban,76712,48034385
urban,76712,32336880
urban,92123,88716093
urban,77327,903087
urban,31768,14716795
urban,19320,11275932
urban,32765,9142480
urban,44011,18782283
rural,93436,14924628
urban,52632,1827540
urban,07102,24686895
urban,46952,12158841
urban,60506,19253450
urban,32605,112746925
rural,16201,4581684
urban,48033,1248871
urban,32960,60813013
urban,64429,6555513
urban,95501,48859170
rural,32348,1289292
urban,46037,3160887
urban,90033,159799114
urban,90033,95249325
urban,90033,33630125
urban,23320,53203647
urban,17961,9910017
rural,37166,1311595
urban,36067,6065082
urban,44129,24411214
urban,38301,110837691
urban,25702,60977051
urban,45365,5858109
urban,59101,82145789
urban,59101,49738300
rural,70586,5462199
rural,85122,18772395
urban,65340,4260037
urban,96793,38229539
rural,51401,5275360
urban,37211,11210322
urban,60649,5822367
urban,65401,28488577
rural,97381,2749329
urban,24211,17838198
urban,92373,17473173
rural,35594,3166730
urban,19805,12638609
urban,14760,16261768
urban,66213,18747699
urban,40504,50834150
urban,12401,29018037
urban,07902,80129027
urban,78503,23061060
urban,46060,11233410
urban,80907,80525160
urban,31419,32731098
urban,44130,35968852
urban,63368,7125241
urban,01301,14105141
urban,80012,42968267
urban,08084,110124548
urban,63301,21160798
urban,48118,8866027
urban,07631,83059714
urban,06706,33384248
urban,32578,8792176
urban,29526,25339612
urban,75203,46318923
urban,60613,7685872
rural,72455,2812349
rural,42064,1205613
rural,60970,2954205
urban,15136,2706961
urban,78550,37050364
urban,78550,12965725
urban,29505,30793321
urban,98221,11442872
urban,97330,36697044
urban,77598,69264874
urban,77598,3743116
rural,81101,7099833
urban,44870,21144325
urban,33614,15405323
urban,75501,18974923
urban,87109,6101805
urban,60617,5485860
urban,60617,43561731
urban,07047,27453312
urban,28655,15858928
urban,95825,17239095
urban,49660,5863864
urban,70360,21143628
urban,70360,1347973
urban,74006,18658221
urban,95204,92653783
urban,35211,27003806
urban,35058,23657818
urban,47150,46243533
urban,47150,1053366
urban,36330,7701253
urban,35660,15393360
urban,82801,18585261
urban,62040,8575336
rural,29720,13407471
urban,77070,60822658
urban,77070,12439643
rural,73077,1484326
urban,95370,36265882
urban,73013,193467
urban,55415,61147609
urban,96813,41470993
urban,96813,112156211
urban,38104,168076654
urban,68901,12132538
urban,65536,4521730
rural,53578,9004444
urban,84060,3442629
urban,42141,15521498
urban,46311,21276848
urban,94133,7116099
urban,02124,12804186
urban,24153,54348115
urban,48503,34567019
urban,63701,36004475
urban,33770,46506285
urban,20650,36674465
urban,97045,7416203
urban,33990,45665558
urban,67846,13545214
urban,39232,9709334
urban,39232,203538
urban,71040,3078642
urban,90059,19357114
urban,15601,24613492
urban,15601,745891
urban,77082,20469348
urban,59601,17494339
urban,37311,20385771
rural,38583,1478196
urban,85006,4150381
urban,85006,88194955
rural,48838,5837146
urban,31210,5502667
rural,55746,7501583
urban,60190,88510871
urban,55422,55160205
urban,88310,16858952
rural,46714,2298156
urban,11237,26660589
rural,74631,1509435
urban,40475,7963729
urban,79331,1790547
urban,64154,18154288
rural,78550,37050364
rural,78550,12965725
urban,44145,36998065
urban,29651,8820516
urban,30162,42439766
urban,66211,2800852
urban,66211,6395262
urban,93230,38185182
urban,72901,40171744
urban,01655,245335774
urban,62521,17675635
urban,75652,3286803
urban,01752,13061725
urban,43130,29520354
rural,04769,6359191
rural,53913,7699959
rural,71483,2239670
urban,36106,27948107
urban,66204,45488957
rural,38464,5001943
urban,38671,58977729
urban,55033,3984312
urban,24151,3895454
urban,84604,54863278
urban,27288,4273719
urban,46825,5251654
urban,23860,16453155
urban,32763,23377128
urban,93401,30968464
urban,69361,33966665
urban,36801,34837649
urban,33430,2592019
urban,29020,10562966
urban,53913,7699959
urban,01701,31975689
urban,96786,2727453
urban,40422,20725808
urban,74955,2198748
urban,43420,3270830
urban,63131,69306070
urban,19046,21894289
urban,70634,4023189
urban,88210,4852584
urban,28262,13056288
urban,32547,45355612
urban,54143,8458795
urban,23116,62955423
urban,95926,123518014
rural,14810,565354
urban,82930,2469326
urban,92562,28498109
urban,77640,13661570
urban,44106,121900917
urban,44077,30267177
urban,11691,33472693
urban,20037,94340598
urban,60805,41144325
urban,98003,22842951
rural,38478,4468709
urban,44125,16455586
rural,24641,7826710
urban,71301,40112850
urban,71301,51970898
urban,71301,2377228
urban,21401,135294647
urban,92270,123380034
urban,17837,15388183
urban,43952,24181242
urban,03301,59178291
urban,80528,1704799
urban,45431,21903921
urban,20850,100217484
urban,47933,5414329
urban,19063,37210487
urban,33805,95556105
urban,95076,18750355
urban,46545,831549
urban,46545,40356044
urban,91942,97938329
urban,26505,31285364
urban,16001,18619221
urban,92592,36450343
urban,01199,222893187
urban,44512,26714251
urban,44512,2496094
urban,48091,259700
urban,70363,4568227
urban,79065,5384826
urban,43920,9591236
urban,47591,18098868
urban,76015,7951966
urban,76015,43882240
urban,95661,13068695
urban,95661,117580751
urban,34471,111304340
urban,55102,70469344
urban,55102,5672971
rural,32720,20610496
rural,37879,3526701
rural,71351,2438481
urban,39350,313791
urban,39350,2971513
urban,32514,50880199
urban,33176,83788141
urban,79905,43987187
urban,19460,21797028
rural,74301,4175538
urban,73521,10909506
urban,14701,11016931
urban,75605,35561054
urban,85202,72173536
urban,20774,91694571
urban,53215,143533326
urban,53215,8349474
urban,74702,20817045
urban,33541,21795881
urban,62269,33889693
urban,91706,5114239
rural,71269,2026958
urban,63501,11782045
urban,65109,14521187
urban,96766,10223890
urban,15009,17071882
urban,60402,29435757
urban,17815,4237366
urban,98686,26277458
urban,49503,150758556
urban,49503,35373075
urban,30720,32563383
urban,22205,66783804
rural,29560,1428651
urban,38654,12939439
urban,44035,23442105
urban,46237,88944248
urban,46526,12706320
rural,85212,5811708
urban,85629,752834
urban,17105,117836771
urban,31995,30206129
urban,05701,20423516
urban,44024,29234627
urban,28401,1778773
urban,77090,26527785
urban,77090,1233519
urban,55101,107773077
rural,71655,6593064
urban,13203,82669404
rural,39773,3818746
urban,92120,23678219
urban,92120,15429018
urban,33486,94584147
urban,91352,5976931
rural,70444,151285
urban,49801,7440432
urban,85027,38435936
urban,22801,55031800
rural,12983,10883833
urban,93720,3658818
urban,19610,3190164
rural,48601,35648393
urban,39402,26355734
urban,35010,4633910
urban,33853,7907374
urban,12534,13544465
urban,19403,31751735
urban,19403,1278277
urban,92056,31025708
rural,37830,23185242
urban,91325,54502878
urban,75633,2468679
urban,36207,25376851
rural,38606,2554086
urban,86442,14423497
urban,16201,4581684
urban,74361,1290081
urban,42728,594398
urban,92653,37586485
urban,40065,2551288
urban,90015,20691230
urban,85140,10203492
urban,64111,104582470
urban,29466,8347755
urban,95051,12878694
urban,78666,10392350
urban,33028,45008100
urban,98034,41239850
urban,73129,1347119
urban,30309,115029775
urban,61554,5890414
urban,60007,76092582
urban,49783,7854679
urban,33705,46088773
urban,93301,41902125
urban,93301,32467651
urban,93301,53771249
urban,30535,3869326
urban,23601,78023764
urban,60440,13816751
urban,18951,14885420
rural,39069,320336
urban,44266,12982114
urban,54956,13902736
urban,13905,27739914
urban,64057,39692498
urban,11795,106329332
urban,58122,130560729
rural,81601,20158912
urban,70380,4092608
urban,56401,14989467
urban,92543,20637628
urban,77584,8880740
urban,92585,5588910
urban,95405,88179639
rural,74467,4105578
urban,21229,70126617
urban,99352,81965041
urban,46534,1880952
urban,89106,49202015
rural,73075,182587
urban,53024,19780337
rural,64429,6555513
urban,93436,14924628
urban,44601,4997936
urban,53211,35576187
urban,57401,19461946
urban,57701,102135836
urban,57701,125540
urban,60901,39333757
urban,60901,17998184
urban,92868,118871208
urban,92868,67012474
urban,02906,52775207
urban,45373,13301505
urban,45373,2516686
urban,23502,53910507
urban,47250,9711057
rural,74960,1909671
urban,07652,7316367
urban,43050,13328189
urban,48054,2623081
urban,18103,242533482
urban,79714,1962385
rural,73601,2438693
urban,18603,1510720
urban,72104,2307669
rural,27910,11435086
urban,40965,3218833
urban,08876,50592109
rural,24801,3501807
urban,13662,4319688
urban,91773,10363469
urban,70112,40016138
urban,70112,48514333
urban,06105,84350838
urban,33701,24054990
urban,73110,17120881
urban,32778,50003321
urban,14092,8190191
urban,53405,28553440
urban,92227,14193731
urban,53226,153377974
urban,30458,18666354
urban,71603,26854681
urban,21202,60636889
rural,16105,9422349
urban,21209,34898252
urban,08043,90297181
urban,10457,29859012
urban,96150,9182437
urban,49048,51602090
rural,30830,1527787
urban,33950,13416397
urban,02886,37180689
urban,89801,9252451
urban,32501,51303658
urban,35401,61402301
urban,91710,11515216
rural,38965,1077038
rural,86326,28497786
urban,07675,16302658
urban,48085,105725597
urban,91801,9718531
urban,43608,52583970
urban,60637,208738643
urban,10591,36214968
urban,07601,207915144
urban,34275,2624099
urban,36089,273070
rural,85338,2889791
urban,01069,14564838
urban,39111,2140872
urban,46123,25312462
rural,38852,3427844
urban,63090,14016791
urban,21044,65314386
urban,88011,31135309
urban,88011,23671178
rural,75633,2468679
urban,45069,26514484
urban,30033,31957526
urban,31069,4349123
urban,70535,2780435
urban,94558,39028537
urban,77901,19419533
urban,77901,21951992
urban,77338,34354930
urban,37830,23185242
urban,30533,1897524
urban,40391,8062033
urban,40202,176873702
urban,40202,54949932
urban,40202,69802700
urban,06457,35720986
urban,52761,4351457
urban,86401,28745983
urban,92395,25966936
urban,14621,67948111
rural,56401,14989467
urban,76110,6335327
urban,47802,15760542
urban,83501,21637639
urban,07112,54756845
urban,33331,54175475
urban,33021,76894127
urban,48532,60447547
urban,33143,15756451
urban,33143,33678525
rural,03103,41800697
rural,55350,6248068
urban,19963,23679686
urban,27534,34730667
urban,30824,2363697
urban,28210,49541661
urban,37203,10545562
urban,37203,93041970
urban,53105,7164866
urban,92801,20360950
urban,92262,52774025
urban,46755,4946560
rural,29488,10063523
urban,43616,13417572
urban,43616,7700388
urban,63017,55377864
urban,55426,71915232
urban,17201,48960832
urban,66071,1447702
urban,29150,22347956
urban,16125,5602434
urban,32055,33182270
urban,80138,22482371
rural,72830,3132912
urban,20646,40764656
urban,78026,4867504
urban,60623,4878397
urban,77566,9871611
urban,11570,29732214
urban,14626,30660599
urban,84074,3605229
urban,07302,39283052
urban,78624,7499692
urban,94577,8455547
urban,74501,12106941
urban,06790,18616759
urban,76086,23198517
urban,39301,30722033
urban,39301,16721337
urban,39301,1427152
urban,49431,7557691
urban,12180,23347669
urban,70427,4744302
urban,45005,22713620
urban,84124,35285971
urban,90095,238878226
rural,24343,6567431
urban,64506,86494293
urban,93215,9372665
urban,62801,15721384
urban,22560,8065195
rural,95642,17759613
urban,65807,84105476
urban,18960,25499344
urban,18360,26424942
rural,42602,884127
urban,79720,4443282
urban,19901,69293265
urban,06032,41441570
rural,74523,1754745
urban,52655,22931737
urban,60621,6886690
urban,02114,429688896
urban,02114,7690465
urban,79928,1073155
urban,43040,6749345
urban,84010,7371227
urban,98362,22781715
rural,72112,103519
urban,46122,19663948
urban,75237,40102566
urban,08050,31867313
urban,10467,265021646
urban,10467,2780133
urban,49091,1548074
urban,75110,8227552
urban,78363,4433913
urban,26101,40613547
urban,87102,51302521
urban,85008,14554155
urban,85008,25373823
urban,08755,94778407
urban,97030,12979864
urban,46307,39611871
urban,46307,7610771
urban,53027,4315358
urban,31023,2488604
urban,28078,18017165
urban,27834,166549857
urban,89109,103960453
urban,22306,22265414
urban,10960,45427563
urban,34655,32802957
urban,78613,11329843
urban,22908,191762995
urban,60625,33681015
urban,77845,29628803
urban,36854,876963
urban,13601,27667539
urban,28334,15067016
urban,60521,30706322
rural,49090,1527935
urban,10550,2352472
rural,36027,2503825
urban,96701,31062853
urban,78028,17934428
urban,98001,17301028
urban,76262,1448268
rural,71254,758379
rural,54568,4491013
urban,11219,197277411
rural,93405,22427929
rural,71801,1750458
urban,75751,14726568
urban,78114,1998481
urban,75149,14828252
urban,04240,28964468
rural,86045,8063916
urban,66502,13838664
urban,66502,2503312
urban,24801,3501807
urban,70002,187752
urban,12953,3767391
urban,21078,24253111
urban,72956,589327
urban,30705,2679524
urban,13501,33257190
urban,32204,72505261
urban,31021,16853128
urban,29203,97065352
urban,06606,56554781
urban,92805,4300656
urban,91355,37495427
urban,14215,47934016
urban,30912,79115998
urban,61032,9566204
urban,33756,85282486
urban,61701,26060608
urban,36502,1492841
rural,37334,3162456
rural,25601,16560108
urban,49601,10054254
urban,22630,9358303
urban,01060,26401408
urban,07728,51103867
urban,19020,9293008
rural,13676,13616929
urban,37920,94393889
urban,75010,9051057
rural,71418,521857
rural,71418,2053188
urban,53143,20939581
urban,94063,5873227
urban,21921,39333621
urban,30106,51359128
urban,75090,2497848
urban,89030,18890271
urban,87401,49211010
rural,40351,13065926
urban,29672,24423885
urban,91767,5026594
urban,91767,48592045
rural,28645,11849648
urban,73644,4711330
urban,87114,4477651
urban,77478,11830834
rural,36502,1492841
urban,29650,12937823
urban,33134,10834646
urban,48446,18739092
urban,80524,39380104
urban,21239,75794728
urban,31501,15614181
urban,54476,13251855
urban,91346,51965682
urban,33435,52072284
urban,75082,40410199
urban,06418,19671896
urban,29671,1031773
urban,70810,5543845
urban,70810,943400
rural,74743,3493848
urban,33136,153592135
urban,30274,10027934
urban,55057,3940607
urban,55387,17472792
urban,03801,43402001
urban,03820,29970043
urban,73401,25824894
urban,70121,101694696
urban,46320,10818401
urban,79336,1361715
urban,91505,77358275
urban,18657,738189
urban,31909,9763047
rural,49770,42702406
urban,12601,122203963
urban,19605,23725008
rural,45885,4818022
urban,92647,9710708
urban,49036,6334673
urban,01950,20122206
urban,11030,285086593
urban,98101,100545027
urban,72034,26965395
urban,73112,114029478
urban,73018,5230461
urban,72703,1586543
urban,72703,53002491
urban,74133,27228576
urban,74133,15458391
urban,74133,1159881
urban,35801,21075645
urban,35801,138085225
urban,85020,37428405
urban,78735,1102503
urban,44906,7511762
urban,34239,205635476
urban,21742,97477884
urban,27030,10595116
urban,98902,40791707
urban,94109,17817377
urban,94109,117118738
urban,46227,28811189
urban,02905,1884468
urban,38965,1077038
urban,72118,15758111
urban,70817,2005413
rural,49068,7261068
urban,68025,12488378
urban,97132,6207424
rural,37874,5102875
rural,33196,16709382
urban,10940,93635415
rural,44811,3212710
urban,84041,12366088
urban,84041,3460034
urban,87505,47350707
urban,30501,150939064
urban,33462,86626674
urban,75039,7071720
urban,48342,13707489
urban,98801,1960746
urban,21014,74926953
urban,60657,22051292
urban,60657,40384012
urban,97222,6517446
rural,28621,7584894
urban,68701,24989369
rural,30417,1465545
urban,79106,65030306
urban,79106,41881169
urban,19973,28370145
urban,34209,50784948
urban,08861,40203516
urban,57201,13121691
urban,19026,13352527
urban,79416,9601159
urban,15212,85704391
urban,30143,14637719
urban,77002,13627496
urban,30474,6976087
urban,33401,27948018
urban,37110,6691780
urban,14513,9091956
urban,54449,57921858
urban,59701,22166059
urban,81401,8582267
urban,70510,5378301
urban,45056,4123155
urban,92252,5788589
urban,37205,136736899
urban,15224,18783340
urban,28001,11251827
urban,12572,18517831
urban,98668,66825027
urban,76022,29199917
rural,28462,18311786
urban,77024,52474029
urban,78704,63248914
urban,75218,13658097
urban,84107,96361233
urban,84107,2422967
urban,22191,32577529
urban,48201,10840580
urban,48201,41062892
urban,48201,37742066
urban,93901,79416812
urban,39773,3818746
urban,20010,232395897
urban,07002,24883901
urban,34285,33326827
rural,35010,4633910
urban,48801,11193523
urban,84341,10967130
urban,84341,940016
urban,72301,1210620
urban,84721,7481333
urban,15213,12375492
urban,15213,180608811
urban,72112,103519
urban,44119,9528948
urban,97124,4315273
urban,10512,17073268
urban,63136,42748238
urban,34695,44819154
urban,70506,11767787
urban,31602,44475647
urban,48109,251947112
urban,31793,23277738
urban,31217,32091867
urban,37772,5626794
urban,12208,128767218
urban,12208,76091056
urban,11212,68375383
urban,46947,6606511
urban,46278,7575278
urban,19013,47101627
urban,04102,130130976
urban,28645,11849648
urban,53546,9520735
urban,70433,28883185
urban,70433,4166057
urban,84078,4692038
urban,83440,3112702
urban,44223,9503023
urban,27330,9905833
urban,34208,55968232
urban,66739,6042149
urban,36701,7938371
urban,75013,10636127
urban,79072,3872299
rural,47274,7195353
rural,76667,2260555
urban,15801,27693189
urban,34652,20451579
urban,30165,49944913
urban,41075,17668323
rural,24592,11647284
rural,67880,1152905
urban,05641,10977969
urban,01915,59310992
urban,71201,37381597
urban,71201,306981
urban,31719,5989210
urban,50702,14342776
urban,93257,19744975
urban,43606,103059978
urban,85741,37746656
urban,28621,7584894
urban,32955,24725027
urban,99508,41358601
urban,99508,52815341
urban,99508,96768950
rural,64730,3311434
urban,78205,115459850
urban,76548,10439549
urban,73601,2438693
urban,38242,7265508
urban,36116,46013581
urban,53901,5178948
urban,20904,92886082
urban,20832,33095589
urban,90262,30092464
urban,28659,6265626
rural,35565,2481803
urban,30308,77652613
urban,61801,11121220
urban,61801,83687260
urban,23505,1564450
urban,19390,6387630
urban,77030,158750796
urban,77030,266895163
urban,77030,121043720
urban,77030,20251652
urban,98272,2586141
urban,37208,6057854
urban,76234,20594090
urban,11542,21500426
urban,32796,16766736
urban,55092,6367438
rural,62450,5308768
urban,33912,92892246
urban,22408,15896875
urban,85212,5811708
urban,18235,4845073
urban,18235,207006
urban,99701,30439903
urban,41017,78262650
urban,91208,26076759
urban,37760,4963661
urban,39183,17420001
rural,56308,11818603
rural,23901,11639204
urban,46902,13822622
urban,60304,17646852
urban,97756,13597111
urban,54601,53522091
urban,54601,20616754
urban,27889,8642066
urban,75069,32120772
urban,19301,53891786
urban,07834,50426571
urban,94531,8791335
urban,97210,34544687
urban,93465,16960902
urban,34758,6734574
urban,18201,16779852
urban,81301,2968409
urban,81301,23536580
urban,28092,16011149
urban,44710,42907393
urban,76043,1191902
rural,81416,4690038
urban,42503,25242373
urban,55407,141466548
urban,75142,2917023
urban,32159,39823820
urban,32570,10027201
urban,33140,68251875
urban,72653,30183590
rural,28328,7335549
urban,95630,29466791
urban,92201,11408908
urban,16335,17001735
urban,99362,25589095
urban,98166,17960610
urban,78539,38770509
urban,78539,54094098
urban,78539,590701
urban,45103,15941128
urban,76310,6176580
rural,37355,2886581
urban,07960,238082694
rural,42754,4747513
urban,87144,7075881
urban,32610,203187789
urban,92501,66610416
rural,43506,6585133
urban,18017,1607316
urban,03833,24666162
urban,48192,40006970
urban,78249,12561202
urban,71463,1641532
urban,48162,16848718
urban,94954,12594468
urban,39581,49633459
urban,73801,7021423
urban,23901,11639204
urban,63028,24551017
urban,35650,952689
urban,33707,12851925
rural,05301,4983763
urban,23226,79915345
urban,97477,85054479
urban,97477,22130088
urban,13440,8746029
urban,48336,42776803
urban,62226,45145659
urban,40962,4341185
urban,52732,11926884
urban,95816,152282847
urban,54904,9253570
urban,30117,29372799
urban,19010,54374355
rural,45601,40737925
urban,31412,22197991
urban,60640,3141698
urban,60640,20067470
urban,35630,38765053
urban,86403,31789796
urban,43140,3515882
urban,76012,27824630
urban,76012,6593180
urban,60615,4917982
urban,02120,40096131
urban,53715,92941220
urban,53715,37182089
urban,90813,28707470
rural,24219,9711826
urban,29925,36908277
urban,49464,2989682
rural,98948,1514536
rural,76450,2409670
urban,95376,13511202
urban,70115,18723514
urban,97701,85326204
urban,34428,21258613
urban,54303,7687664
urban,60010,45519761
urban,83706,52164237
urban,02186,28683490
urban,85224,4124410
urban,85224,79120626
urban,72761,4781715
rural,79316,1452533
urban,60426,34936334
rural,40831,8136147
urban,97216,23485901
urban,24060,22976932
urban,77375,22872413
urban,48198,540628
urban,54720,2037529
urban,16365,6429583
urban,78664,43153817
urban,78664,24426467
urban,14611,247760
urban,77479,66140214
urban,77479,20994142
urban,77479,468609
urban,48912,73866883
urban,97128,8671257
rural,68845,18603517
urban,44460,9119970
urban,55746,7501583
urban,78852,8681918
urban,47905,39370059
urban,47905,37761526
urban,32907,19408648
urban,20169,9666729
urban,53210,30068376
urban,71446,6830952
urban,10019,159078546
urban,03060,28084974
urban,03060,17633461
urban,31082,1223247
rural,67950,550969
urban,38801,109464909
urban,60123,15729348
urban,60123,42590648
urban,43725,11716781
urban,85719,78682824
urban,56601,17066572
urban,97420,35670170
urban,01605,18345808
urban,75904,19462767
rural,41501,62019632
urban,75766,4257421
urban,47408,44819358
urban,30577,4725053
urban,90804,2387372
urban,92392,9048798
rural,28376,4887137
urban,29646,46311603
urban,72211,36369263
urban,77008,180332130
urban,49417,1409925
urban,65613,7425820
urban,32209,72800448
rural,48413,305022
urban,22911,32082680
urban,47303,67561561
urban,92024,45390088
urban,71901,18031731
urban,75482,12130496
urban,33133,33527633
urban,51301,7940384
urban,45750,39803116
urban,45801,57984848
urban,45211,38733387
urban,01803,157171565
urban,08046,13521286
rural,21620,4894183
urban,97123,15038836
urban,70503,72003139
urban,55805,51350599
urban,55805,84245513
urban,55805,11861379
urban,98632,20318619
urban,92555,2755504
urban,92555,45046764
rural,44691,10934550
urban,37604,54961565
urban,37604,8991715
urban,30096,3879129
urban,18015,153188643
urban,93611,51750865
urban,88201,13048915
urban,88201,3148546
urban,70065,12073676
urban,93635,15286490
urban,11203,68659381
urban,11203,27221576
urban,11203,597413
urban,32073,57956401
urban,17745,2761330
urban,92324,30443399
urban,29730,40544822
urban,27514,165324871
urban,75503,54417733
urban,41230,5243503
urban,33606,181954300
urban,97527,18154308
urban,06076,3437040
rural,35045,2549522
urban,01440,12447758
urban,24740,24362968
urban,42101,45182708
urban,53095,10207416
urban,38133,22942399
rural,36460,2239390
rural,78957,642124
urban,46032,14750520
urban,46032,18120794
rural,35968,6172011
urban,83704,1079787
urban,50703,26658319
urban,30240,21177767
urban,45219,86287717
urban,45219,89863245
rural,39339,1860702
urban,44310,10426057
urban,92563,34442183
urban,45177,7040291
urban,60153,132722790
urban,11206,30660340
rural,79501,325447
rural,75840,1524048
urban,98104,96577460
rural,23860,16453155
urban,47501,4288928
urban,50314,108219989
urban,50314,4607611
urban,89118,50439217
urban,48910,29235471
urban,94945,12052644
urban,16673,3834735
urban,17331,24361357
urban,49007,67937512
urban,97227,48282292
urban,40207,88581580
urban,41042,20505445
rural,13669,7277505
urban,44122,14786763
urban,44122,25500340
urban,44122,1957100
urban,02111,117866312
urban,50613,1655469
urban,21207,23270220
urban,63122,6857740
urban,20735,62421879
urban,73505,38069916
urban,73505,8164030
urban,38668,123776
urban,10567,30034191
urban,87507,3397175
rural,95476,4534615
urban,90623,9757717
urban,75182,10603930
urban,89521,13062248
urban,92243,24477247
urban,55433,79433562
urban,96080,20342982
urban,17822,115546015
urban,29303,110935127
urban,19446,20447392
urban,75146,8993726
urban,14214,18777700
urban,29486,5087138
rural,42728,594398
urban,85013,106835268
urban,74136,138281827
urban,33710,14159741
urban,14048,4879184
urban,55082,10309762
urban,89434,18205810
urban,41101,59194041
urban,80033,26882204
urban,46256,38604869
urban,46256,1168913
urban,38655,55303717
urban,12308,38043076
urban,12308,600179
urban,76048,10886344
urban,80601,7608911
urban,46845,923351
urban,46845,92726364
urban,70130,558515
urban,74023,1735231
urban,87532,4002774
urban,73099,10985977
rural,75951,3107611
urban,17543,7798562
urban,28352,13783801
urban,73159,9456696
urban,46580,7278630
urban,42345,4609469
urban,19128,8172654
urban,06610,81423051
urban,71103,53399058
urban,71103,103572565
urban,86504,7568832
urban,73114,16073783
urban,73114,1495616
rural,84337,1015533
urban,06360,37985798
urban,98332,23548465
urban,33063,23716407
rural,23847,2331500
urban,33308,11143239
urban,33308,50690986
urban,42718,6319993
urban,17325,18975189
urban,89149,38450732
urban,32720,20610496
rural,65065,21873431
urban,27610,102349825
urban,82609,1613846
urban,48183,28222963
urban,34452,41579938
urban,36617,30029791
rural,52761,4351457
urban,22042,209234857
urban,20910,68224251
rural,15537,3903491
urban,85015,5164561
urban,85015,13637553
rural,41858,6539494
urban,44857,16187758
urban,78520,21739875
urban,85745,24870076
urban,60115,22531987
urban,86001,77306236
urban,15143,10512829
rural,32055,33182270
urban,60612,79659967
urban,60612,83110045
urban,60612,187462972
urban,21502,87339343
urban,79556,4051578
urban,33428,14864343
urban,76227,827816
urban,60608,21185781
urban,36117,13665407
urban,70570,16804918
urban,91367,4122053
rural,32456,1993150
rural,38301,110837691
urban,03246,14187954
urban,34698,15068359
urban,02703,32802468
urban,73162,732615
urban,35007,22167740
urban,70006,24063404
rural,41701,26257624
urban,92870,8121854
urban,33470,21428801
urban,08318,43915981
urban,28601,21331978
urban,53538,5572169
urban,85364,64083129
urban,78572,15834989
urban,52501,7683551
urban,76244,12003861
urban,33150,38377646
urban,55008,5208136
urban,28139,8664298
urban,08103,140033136
urban,08103,65153957
urban,76017,1938029
urban,44143,13841454
urban,67042,3161403
urban,92869,4557700
urban,38120,151558756
urban,91740,14400522
urban,61021,9838807
urban,96734,19809811
urban,39530,8251133
rural,42345,4609469
urban,31036,2373866
urban,71202,6250275
urban,15666,3741954
rural,31023,2488604
urban,44708,29102297
urban,78758,42827769
urban,40741,17652140
urban,46011,16790129
urban,78404,69764557
rural,38821,6637390
urban,44109,54587946
urban,66160,204240437
urban,98310,77796156
urban,42420,8720221
urban,23602,13307925
urban,55313,5148598
urban,36535,18756156
urban,80918,3820872
rural,37748,5883308
urban,62650,11895622
urban,02840,10266668
urban,18510,15394547
urban,18510,55765630
urban,67002,12530427
urban,91763,8053135
urban,14850,20371293
urban,56303,128333374
urban,75801,7178690
urban,66067,8095949
urban,40509,11630310
urban,60005,79376598
rural,59901,35603113
urban,83404,8816729
urban,83404,41405772
urban,94588,45243355
urban,92354,1739476
urban,92354,111226269
urban,10802,27662965
urban,27892,4373059
urban,64804,35524065
urban,64804,48870448
urban,25301,118598439
urban,25301,1884579
urban,81601,20158912
urban,55792,6729668
urban,59715,25041757
urban,75204,1899689
urban,88220,7320551
urban,68601,8995950
urban,80021,2546915
rural,36732,5542645
urban,78957,642124
urban,35205,41445733
urban,02118,118451198
urban,66048,3497768
urban,90712,28900920
rural,62052,4068481
urban,10595,157843507
urban,84405,15936246
urban,46016,15377535
urban,33936,5768663
urban,23805,36874106
urban,29569,32562596
urban,27293,8242401
urban,80206,833516
urban,93906,24408632
rural,24333,7054834
urban,91723,47693992
urban,43110,655823
rural,72118,15758111
urban,92804,26076319
urban,68122,18707358
urban,68122,7862217
urban,34689,15411866
urban,94546,50897849
urban,80228,7553732
urban,80228,50155803
urban,21701,93254577
urban,07754,181050261
urban,75063,2761209
urban,02891,9673545
urban,29340,4205070
urban,90034,13047857
urban,06050,41446282
rural,24382,6335252
urban,77385,47387100
rural,39452,2802005
urban,64132,56082071
urban,38583,1478196
urban,80109,7743604
urban,94501,14839084
urban,75032,9793325
urban,53083,9345485
urban,83221,2626693
urban,18711,68556452
rural,58316,2436636
urban,99204,126274628
urban,32164,39578584
urban,33837,17962634
rural,36467,4680320
urban,25550,3059148
urban,98026,24423372
urban,46802,2162973
urban,37055,15847761
urban,24382,6335252
urban,48858,5793628
urban,92843,16603793
urban,94062,38670119
rural,41031,4633939
urban,02601,140115528
urban,76401,5675727
urban,67401,36767961
urban,67401,5623726
urban,43623,13628082
urban,02780,28693421
urban,02462,71960373
urban,41701,26257624
urban,73109,35576190
urban,46904,14314331
urban,48307,34151936
urban,61201,32649226
urban,40503,64678344
urban,01201,77520071
urban,54703,65430293
urban,80218,26457582
urban,80218,40696430
urban,07306,17547031
urban,31545,6185600
urban,24273,990979
urban,97213,53178377
urban,11572,97431374
urban,60435,62205659
urban,32405,40752227
urban,34950,53234678
urban,14220,38147372
urban,13021,18202066
urban,28721,12743156
rural,74344,6672941
urban,31558,6358284
rural,62946,3937665
urban,56001,36251097
urban,97383,3111075
urban,77494,30932823
urban,28052,64747263
urban,32250,20452691
urban,71220,2218566
urban,97015,11768915
urban,13045,9716001
urban,35903,23828502
urban,30060,135269798
urban,27536,10273101
urban,97601,23798393
urban,43210,166290967
urban,49017,20611042
urban,49442,56083928
urban,40353,4897413
urban,51360,4517658
urban,91436,8499593
urban,81505,9597635
urban,78596,12835422
urban,71730,12465022
urban,28117,10204210
urban,33146,15884924
urban,14905,23084015
urban,32401,33945167
urban,27360,7004320
urban,80701,2547289
urban,94553,15006473
urban,32068,21026198
urban,76542,16809178
urban,75460,31716808
urban,33484,90690758
urban,94080,4541800
urban,68144,3144673
urban,28359,32585137
urban,71270,8394658
urban,74467,4105578
urban,72450,7409252
urban,15063,9742762
urban,70444,151285
urban,78731,2583017
urban,34952,36985933
urban,98004,42000642
urban,47201,34411393
urban,77340,9453179
urban,75230,88878394
urban,10305,151315488
urban,35768,6025035
urban,97225,92715626
urban,36340,2831385
urban,92704,3787191
urban,40324,3185047
urban,07055,22660778
urban,39819,2939210
urban,44805,6894104
urban,98201,78098930
urban,55454,134220638
urban,52402,41283826
urban,58701,39456107
rural,13815,3790437
urban,33709,27694242
urban,01757,40241115
rural,05201,8553047
urban,32504,71686785
urban,42240,12176890
urban,74464,8909419
urban,76020,3545784
urban,37804,20068314
urban,48184,14830183
rural,48661,6858069
urban,45662,39324032
urban,45662,392898
urban,32207,151212836
urban,77521,36680989
urban,77521,516135
urban,46514,34004597
urban,63703,37936984
urban,08360,64828173
urban,38901,7434204
urban,89144,47430574
urban,92835,56382718
rural,76424,904405
urban,60050,83096905
urban,15025,19123573
urban,84651,8599492
urban,07503,82679196
rural,93635,15286490
rural,54548,3056933
rural,38829,4262639
urban,34119,60117367
urban,78602,220657
rural,64772,1956643
rural,30824,2363697
urban,74055,1838777
urban,74055,2629571
urban,14456,8804982
rural,81657,12943106
urban,46290,38642321
urban,43015,6284030
urban,33029,10625554
urban,02130,40502799
urban,80113,64498428
urban,89128,103793897
urban,10701,39514531
urban,10701,11552900
urban,95231,26596009
urban,71101,6197043
urban,71101,189302
urban,29406,72069163
urban,75075,94833640
urban,07094,7841329
urban,37172,6728898
urban,50010,25690290
urban,75070,3457311
urban,39204,21272969
rural,96743,5513852
urban,38261,6008533
urban,68803,4674859
urban,68803,16482835
rural,71040,3078642
urban,74137,15233218
urban,16154,1333152
urban,78737,2660485
urban,31533,9985157
urban,65775,14690042
urban,53916,4688957
urban,57108,27290150
urban,28112,27344698
urban,47362,10148852
urban,03103,41800697
urban,31404,88525555
urban,54701,25915656
urban,54701,11960928
urban,57105,10811134
urban,83814,70963159
urban,49423,11106551
urban,54401,51096316
urban,37129,54853292
urban,98042,3797685
urban,10016,679407099
urban,10016,86559234
urban,78582,2812834
urban,23454,53499630
urban,32550,14230114
rural,71449,1241810
urban,78258,7913741
urban,78258,42114157
urban,78102,4809084
urban,91786,45057882
urban,74127,28511782
urban,11432,44325016
urban,39759,7702939
urban,74804,11507801
urban,11201,36626834
urban,20007,123953801
urban,70601,30844587
urban,70601,34187407
rural,36426,2544091
urban,78332,7553249
urban,39601,9825974
urban,46601,51021241
rural,48617,3093856
urban,44691,10934550
rural,96786,2727453
rural,74447,1936481
urban,59405,9132152
urban,59405,41559416
rural,04938,4965241
urban,60048,58425038
urban,95945,27841856
rural,93210,1580291
urban,90048,492912627
urban,11794,298599890
rural,78934,3556734
urban,40701,18402713
urban,92882,18487027
rural,49091,1548074
urban,61614,8855561
urban,63640,13775575
urban,86326,28497786
urban,11355,107152042
urban,11355,34895864
urban,92806,8747357
urban,48093,76335904
urban,49855,42436185
urban,68198,152540042
urban,63901,26522035
urban,20016,37802931
urban,29425,195602452
urban,02904,9184279
urban,15132,7003174
urban,89503,54155474
urban,33033,19784088
urban,02302,37804804
urban,70791,6831046
urban,28677,20096505
urban,48135,24569366
urban,08822,34699314
urban,32063,3497407
urban,23188,24934057
urban,73701,16721381
urban,73701,9597543
urban,48106,106172804
urban,91403,22865824
urban,70526,7585548
urban,94015,21711822
urban,08724,77171071
rural,87327,1405975
urban,64468,4668444
urban,64093,10049218
urban,39046,4652647
urban,95337,6570348
urban,97058,11217402
urban,91733,7722309
urban,15401,12501638
rural,71446,6830952
urban,03102,68728870
urban,04901,3320864
urban,27518,29198725
urban,46402,36989071
rural,27573,2943890
urban,15905,29496907
rural,75961,9486298
urban,37066,15376680
urban,42701,37357117
urban,37814,12546249
urban,85206,32758202
urban,85206,8454957
urban,85206,45526809
urban,85251,56386107
urban,75401,24899766
rural,30512,9508122
rural,79601,95735115
urban,10456,43291968
urban,92307,33831900
rural,45331,6855586
rural,33470,21428801
rural,38652,10856986
urban,60628,11058503
urban,71753,3864254
urban,34102,118667037
urban,28376,4887137
urban,30041,56936275
urban,55371,4592813
urban,85395,26461849
urban,48180,15388195
rural,74571,2528279
urban,16830,2131823
rural,41240,4558383
urban,89113,24004706
urban,80026,13405127
urban,11229,45983061
urban,49093,2964372
urban,28170,2349666
urban,32561,14229530
urban,94110,104811566
urban,94110,30088048
urban,44903,45520453
urban,01040,18206396
urban,34748,49214421
urban,31792,25435376
urban,24501,116524588
urban,94609,80868912
urban,90291,24739090
urban,17901,14697809
rural,46534,1880952
urban,53097,11669068
urban,61362,5673432
rural,92227,14193731
urban,44115,5212508
urban,11040,223320068
rural,95616,12202495
urban,56187,3303292
urban,18042,5248943
urban,14620,33719741
urban,60461,48202420
urban,92103,75498197
urban,92103,239933985
urban,78640,26290073
urban,37075,17860109
urban,33414,28540979
urban,04011,12280841
urban,61104,38915202
urban,90017,61405233
urban,29325,12436147
urban,28560,72821955
urban,78701,47775824
urban,92708,42906650
urban,92708,44937371
urban,80538,58747320
urban,80538,7158406
urban,14217,11129437
rural,88011,31135309
rural,88011,23671178
urban,98225,68135049
urban,40031,3795121
urban,10601,87580720
urban,48124,76131615
urban,32901,95039959
urban,37923,56957752
urban,19104,251962650
urban,19104,96787780
urban,32086,56182963
urban,23235,120378556
urban,25801,34714727
urban,25801,16863192
urban,20186,11069726
rural,14437,5938670
urban,70461,9199889
urban,13820,6165755
urban,78681,37999778
rural,74868,1846053
urban,20706,59191829
urban,90806,8365907
urban,90806,69935405
urban,98520,13956429
urban,46342,32692193
urban,31901,42914735
urban,77351,4208057
urban,27909,25001146
rural,79201,2375771
urban,55379,10842413
rural,71463,1641532
urban,46131,4859641
rural,59715,25041757
urban,07666,42779980
urban,94598,123003490
urban,70127,2913630
urban,66441,2814599
urban,07733,34503206
rural,76380,1321907
urban,46219,56222619
urban,70301,15695284
urban,30909,41227184
urban,53151,259083
urban,49707,16959728
urban,29102,5520663
urban,45504,28961394
urban,81004,6792103
urban,75093,67575285
urban,75093,41751317
urban,75093,30835615
urban,75093,957127
urban,14437,5938670
rural,78629,2523803
rural,63801,15332226
urban,10029,368116379
urban,10029,24765872
urban,29944,2416309
urban,67502,22901279
urban,67502,1292604
urban,26241,8927634
urban,17033,114431810
urban,03867,9049810
urban,47025,13387419
urban,53098,8950242
urban,73139,1275745
urban,24523,6426632
urban,77058,21831123
urban,80487,5204906
urban,13126,10534995
urban,87106,90136886
urban,87106,81966541
rural,12572,18517831
urban,91950,13789893
urban,32216,20719414
urban,32216,51331754
urban,85308,54611843
urban,30286,11125806
urban,21218,106816060
urban,20814,91218439
urban,30223,17841316
urban,13210,105735963
urban,13210,49538900
rural,73401,25824894
urban,43311,7050087
urban,33013,13106227
urban,62901,36594751
urban,77054,130597693
urban,77054,1893299
urban,53511,20044759
urban,45236,43139355
rural,78945,3741428
urban,37857,749220
urban,29108,8601186
urban,35611,11003902
urban,03909,9405298
urban,33901,111991112
urban,99645,42190675
urban,95823,22559057
urban,95823,28463060
rural,14895,5380161
urban,60451,73165576
urban,73135,24821292
urban,92627,833992
urban,07042,39985893
urban,60629,10407562
urban,39520,2235790
urban,92404,29665894
urban,63110,297254994
urban,63110,76209049
urban,95203,16311587
urban,70663,7304189
rural,45828,9070809
urban,70508,48378377
urban,70508,2302159
urban,70508,288749
urban,49201,61353186
urban,58104,40569772
urban,76208,8533976
urban,68510,21227959
rural,36507,3445955
urban,52001,11770028
urban,52001,36984464
urban,38019,4705125
urban,42066,10905850
urban,62948,26889424
rural,36545,927261
urban,62401,15724851
urban,28557,25113468
urban,47546,16617886
urban,78232,1692868
urban,73120,63837614
urban,73120,51125457
urban,73120,1221979
urban,62230,3694239
urban,63044,51068343
urban,18045,34679582
urban,27886,9308482
urban,23223,2642946
rural,98837,11890953
urban,29506,91151128
urban,21801,129705135
urban,80129,20121910
rural,97058,11217402
rural,27892,4373059
urban,39440,18059240
urban,13903,51873486
rural,37110,6691780
urban,77004,16217570
urban,91342,36983050
rural,59501,4868765
urban,69101,26987780
urban,50501,13049197
urban,82072,7742801
urban,45701,13392138
urban,91006,46604460
urban,98506,78287654
urban,12771,9089980
urban,75231,88569965
urban,75231,2908103
urban,75231,8929721
urban,30115,54318526
urban,77701,34174452
urban,86301,54744572
urban,06810,101627113
urban,44307,58252485
urban,71291,33555844
urban,25309,18061998
urban,16601,48566515
urban,96720,33484797
urban,91406,33251667
urban,11215,117431828
urban,67357,7539644
urban,79339,877064
urban,50401,48345094
urban,60169,42785795
urban,62526,29365524
urban,68114,69722472
urban,68114,4654162
urban,48116,1344717
urban,30012,19506720
urban,76210,32845370
urban,79911,11811750
urban,73533,14520296
urban,20176,46027970
urban,78705,108878058
urban,78705,57366410
urban,42003,34949782
urban,42003,33685981
urban,73034,11653016
urban,80124,37262407
urban,77384,28639661
urban,77384,4187502
urban,27893,20648294
urban,30120,19404625
urban,93111,7028301
urban,57078,14374617
urban,33316,41930227
urban,94611,36474028
urban,79936,2711294
urban,73104,120239371
urban,48202,136931530
urban,78130,12674119
urban,15215,20686567
urban,61764,9952661
urban,60099,4067592
urban,95688,7627133
urban,85297,34477974
rural,67460,3765465
urban,29204,24836359
urban,19958,53627467
urban,14210,134980611
urban,29640,11875077
urban,70806,4015745
urban,35243,57748791
urban,60139,10787918
urban,29169,102108267
urban,37207,43284913
urban,95382,33702885
urban,14843,3811439
rural,77351,4208057
rural,53948,3914251
urban,45242,78316751
urban,75057,16575124
rural,26452,5520495
urban,10310,39032391
urban,14020,9735869
urban,30342,82985807
urban,30342,65141588
urban,20678,33850047
urban,01453,24718966
urban,33175,32882784
urban,92220,8070859
urban,75708,6366361
urban,79410,59490806
urban,70458,18014155
urban,70458,2081639
urban,70458,1487794
urban,03431,18798003
urban,07207,20486193
urban,92118,8990396
urban,74465,18766314
urban,85016,2636452
rural,15425,843883
urban,55060,4674190
rural,95901,99211635
urban,78660,2013417
urban,38237,3031608
urban,78526,19951746
urban,28501,20000785
rural,88201,13048915
rural,88201,3148546
urban,43302,25598093
urban,29720,13407471
urban,84501,7463164
urban,72143,37497070
rural,39350,313791
rural,39350,2971513
urban,28602,25142232
urban,17015,14198090
rural,29569,32562596
urban,48708,51683513
urban,94403,6281246
urban,85209,23038061
urban,33563,12468845
urban,53051,22521723
urban,28025,71579363
urban,19141,65408281
urban,06260,9426177
urban,07840,14888607
rural,57201,13121691
urban,75961,9486298
urban,17522,13616237
rural,42104,14974327
urban,11706,114178941
urban,55109,31421195
urban,47630,555098
urban,10461,74570183
urban,07065,17389265
urban,38614,4651016
rural,38344,4325212
rural,96750,13921209
urban,45220,41296759
urban,60202,29559637
urban,08701,23289956
urban,08638,31248279
urban,28607,19103865
urban,33613,53091172
urban,22401,90168741
urban,32771,23124131
urban,95128,140245842
urban,66762,9081818
urban,73101,68208175
urban,22033,27344856
urban,84065,5124299
urban,04101,8374943
rural,74361,1290081
urban,33525,8563143
urban,62702,87405248
urban,35960,1274927
urban,89502,109814114
urban,60631,65793915
urban,80631,34031981
urban,39216,112582070
urban,39216,85230566
urban,33677,110830246
urban,70070,1296011
urban,76301,67286851
urban,80027,8060604
urban,28752,6172813
urban,78240,1410943
urban,38751,2179694
urban,52245,22386198
urban,36081,2137018
urban,50309,112132657
urban,77469,10970948
urban,67214,119930882
urban,67214,105197187
urban,48322,32668306
rural,18431,11116614
urban,20190,35275857
urban,60540,68144291
urban,56308,11818603
urban,34474,46836904
urban,47403,4222782
urban,27804,33302090
urban,29601,60258843
urban,17042,20744798
urban,08015,43611198
urban,71457,6486842
urban,30701,15538795
urban,32725,2679547
urban,46312,13438560
urban,63117,36986539
rural,62230,3694239
urban,38732,8296586
urban,49242,4851255
urban,07450,104869008
urban,95119,10046182
urban,76801,11250091
urban,11235,87116088
urban,76033,8031419
urban,98405,93825488
urban,98405,82357926
urban,91776,21262871
urban,26506,141807273
rural,67530,6654361
urban,29572,99170067
urban,79902,43379207
urban,79902,22231619
urban,79902,14925321
urban,31788,12307778
urban,64114,20869610
urban,74401,28418343
urban,13669,7277505
urban,90028,62353088
urban,27401,100731227
urban,18840,51342289
urban,84102,8444549
urban,95603,19353012
urban,17268,8538913
urban,46360,26428829
urban,48060,30385247
urban,48060,11520226
urban,42431,20273736
urban,24266,3702585
urban,77504,23771055
urban,77504,921549
urban,82001,62325116
urban,72205,98468907
urban,72205,92416623
urban,72205,73878703
urban,29615,1177284
urban,37040,24875983
urban,77702,45375275
urban,21601,58742174
urban,23185,5563719
urban,77094,40635921
urban,32565,1004809
urban,46321,70728843
urban,46321,11358083
urban,21201,390145465
urban,21201,36962968
urban,21201,1479888
urban,54311,22946592
urban,45502,383334
rural,36037,1947464
urban,90720,32329046
urban,90036,5637726
urban,90036,1940267
rural,29574,7407704
urban,30078,18912617
urban,80210,26300297
rural,67114,10136748
urban,33180,52245682
urban,51503,19774259
urban,51503,12214368
urban,85339,2212689
urban,76067,7736311
urban,18301,28393106
urban,85901,25078144
urban,75033,6205509
urban,20110,22715510
urban,02908,12597202
urban,53142,15611770
urban,94589,25269366
urban,94589,13639435
urban,79412,552413
rural,38372,3158547
urban,02190,127350387
urban,57006,4313777
urban,95403,3126805
urban,95403,43963233
urban,25601,16560108
urban,76180,18251491
urban,75455,9821666
urban,62301,67447340
urban,05201,8553047
urban,13421,6451244
urban,76054,371027
urban,71418,521857
urban,71418,2053188
rural,71075,2059299
urban,45601,40737925
urban,43213,78101822
urban,15301,15945198
urban,15301,1939933
urban,32803,395931616
urban,86426,4885015
urban,12078,5315390
urban,85711,36200555
urban,94010,69075140
urban,53121,7365986
urban,93210,1580291
urban,94509,34902991
urban,65302,11970849
rural,35570,1509434
urban,50208,2832180
urban,33012,12319821
rural,39828,1935182
rural,04743,5577521
rural,23417,9390651
urban,21215,179503080
urban,04243,7838657
urban,89119,27280001
urban,48601,35648393
urban,47804,60129534
urban,10901,61104407
urban,01104,30270073
rural,15370,1371182
urban,89102,62920417
urban,67005,2577855
urban,76201,29490697
urban,02895,12869071
urban,95240,29567131
urban,30141,21208624
urban,57049,5496735
urban,97471,25693370
urban,74017,1845068
urban,74017,6644322
urban,52627,1235527
urban,02720,142577416
urban,60611,237271286
rural,78332,7553249
urban,85037,27872447
urban,62207,2039315
urban,15963,1873210
urban,31520,49461068
rural,71295,2448864
urban,63026,26374117
urban,98948,1514536
rural,24354,4275556
urban,92618,17568026
rural,14787,463894
urban,81416,4690038
urban,80501,8452945
urban,28374,81963794
urban,21204,110800959
urban,21204,71213445
urban,23666,29404402
urban,72758,36720342
urban,75088,24067858
urban,39466,4629117
urban,28540,17573025
rural,44654,2085704
urban,32114,57207517
urban,28144,23125599
urban,63401,20994236
urban,43215,57708238
rural,77437,5749130
urban,31093,36136712
urban,37076,28885066
urban,80122,26071137
rural,84074,3605229
urban,11743,92549079
urban,02135,86567726
rural,93940,109492060
urban,37160,2711303
urban,75020,76940950
urban,10451,38587451
urban,94583,22585570
urban,85542,1490380
urban,29605,140449807
urban,53227,17033351
rural,54729,2543293
urban,84790,80348989
urban,08079,9160724
urban,29401,56535496
urban,20166,4740996
urban,85614,3465884
urban,54911,19200810
urban,55904,3942618
urban,61832,14161486
urban,30742,755561
urban,47750,53815846
urban,55021,4091313
urban,32308,29001944
urban,32308,70392459
urban,35555,3058044
urban,48602,73158405
urban,01970,75563772
urban,91356,51909114
urban,55902,469745099
urban,99801,10669418
urban,49519,23412171
urban,75061,27915777
urban,30655,10866046
urban,77657,218395
urban,88101,7792617
rural,02554,2689506
urban,90301,48888271
urban,61354,7300757
urban,07030,13317764
urban,90023,3347998
urban,90023,30117081
rural,39705,37584617
urban,98502,13597025
urban,75071,29937410
rural,11229,45983061
urban,85712,86544339
urban,18104,3264294
urban,42303,56411543
urban,34613,55896649
urban,94602,81623950
urban,68847,25108468
urban,84094,3803073
urban,32539,17022521
urban,90027,21073299
urban,90027,39453137
urban,26038,7143680
urban,64116,63784667
rural,42276,2472337
urban,93454,71364174
urban,60045,42426686
urban,85260,74288273
urban,85286,7633921
urban,29681,4961463
urban,94115,9571499
urban,85122,18772395
urban,35150,6173643
urban,28462,18311786
urban,48439,59846966
urban,83687,8650266
urban,83687,14468121
urban,65201,52566015
urban,97062,20627684
urban,30901,66979366
urban,32170,14236764
urban,34972,11183245
rural,77954,2234473
urban,46260,140370913
urban,21811,20540109
urban,01085,10019089
urban,89052,73359012
urban,23456,42532494
urban,19380,50720673
urban,31201,77497877
rural,85901,25078144
urban,27573,2943890
urban,82601,60407788
urban,60450,18630454
urban,39202,83616036
rural,67124,10120148
urban,46563,5753824
rural,36784,470996
urban,18901,52226735
urban,85338,2889791
urban,63118,5332211
urban,98274,26559167
urban,58201,51922484
urban,85375,56031392
urban,54935,17994348
urban,32034,10400996
urban,93637,11034528
urban,48043,43784205
urban,23114,34445305
urban,17044,13797657
urban,36360,3960488
urban,79124,4619927
urban,81501,53396123
urban,37766,3174370
urban,57501,8734573
rural,49660,5863864
urban,58501,32721723
urban,79045,2239036
rural,97914,5710266
urban,29574,7407704
urban,90640,19237906
urban,07103,60487058
urban,85635,21151758
rural,33936,5768663
urban,94903,2330981
urban,71055,6016830
rural,99669,27585905
urban,07860,32764519
urban,60634,15826080
urban,43701,55029970
urban,37167,12788949
urban,06010,11498912
urban,64063,14909368
rural,97420,35670170
urban,34202,23550591
urban,33324,34240179
urban,46706,2786323
rural,23851,6170071
urban,29115,21276007
urban,64012,8159892
urban,27006,2953100
rural,78654,10763132
rural,63841,2738983
urban,38103,32667038
urban,16105,9422349
urban,93308,19375277
urban,93308,3670246
urban,95817,265472217
urban,14424,10657006
rural,36701,7938371
urban,60302,15239933
urban,49930,3865593
urban,63801,15332226
urban,89011,37184904
urban,11777,66510003
urban,11777,23778079
urban,06226,12967480
urban,42104,14974327
urban,32827,2196599
urban,95901,99211635
rural,76458,6803957
urban,60453,151165244
urban,37404,44432939
urban,37404,77047324
urban,33458,54125798
rural,04005,22380959
urban,91911,60393552
urban,19001,120123954
urban,95531,14194426
urban,32456,1993150
urban,17701,43629754
urban,38024,9627512
urban,56537,5794854
rural,44035,23442105
urban,36092,1507050
rural,75455,9821666
urban,90247,16519706
urban,19468,8183770
urban,57703,12165042
urban,85713,13782737
urban,25401,25551840
urban,37916,36411797
urban,04401,75583342
urban,04401,13931088
urban,61401,16545929
urban,61401,2338910
urban,39705,37584617
urban,16127,3150511
urban,22601,92812504
rural,31513,1464105
urban,37643,6188545
urban,90650,9233910
urban,77555,106511500
urban,55125,12997292
urban,11901,56717399
urban,24541,36024258
urban,92705,19512020
urban,99336,21523824
urban,77304,35387118
urban,86503,5175688
urban,19114,83285735
rural,35555,3058044
urban,15065,5557685
urban,93065,34021280
urban,30076,29217489
urban,53188,34974418
urban,56007,13873366
urban,94538,4099427
urban,94538,72753517
urban,96817,16539874
urban,33952,43026104
urban,33952,33134926
urban,93721,138694756
urban,92411,6750727
rural,55060,4674190
rural,56007,13873366
urban,32935,11971427
rural,32435,353636
urban,30606,77651025
urban,30606,25207934
urban,84660,764306
urban,75028,12414233
urban,08244,31317357
urban,53212,5048035
urban,60126,62166125
urban,74132,6240526
urban,01890,35975884
urban,79701,31325367
urban,44084,1238740
rural,04856,10411353
urban,35601,23823418
urban,02903,128690302
urban,37398,6842885
urban,39042,5501813
rural,16735,1833180
rural,70546,6414027
urban,62002,9408365
urban,62002,19827403
urban,24073,20262878
urban,89148,37230083
urban,92025,55106722
rural,16214,4993367
urban,78610,870188
urban,46140,9285321
urban,18431,11116614
urban,91754,5939605
urban,91754,22286149
urban,19118,24335453
urban,48073,189036463
urban,45409,131266935
urban,33065,19342502
rural,70554,1595889
urban,28792,10915830
urban,22939,39345675
urban,70072,18162885
urban,43537,23190466
urban,19464,19808426
urban,35125,4145228
rural,39429,1778281
urban,77414,6776846
urban,73507,1168775
urban,46202,197782747
urban,46202,42134848
urban,94117,31070674
urban,94117,18628137
rural,23970,10805241
urban,28687,3508341
urban,33544,20890086
urban,32940,15845439
urban,29440,13083777
rural,29102,5520663
urban,80220,22287605
urban,51104,21170089
urban,97504,76558268
urban,97504,22731149
urban,45891,6012744
urban,75001,6982637
urban,70043,2419905
urban,76063,30164992
urban,76063,1410351
urban,35901,18894320
urban,27609,37875228
urban,27704,44238465
urban,27704,3308268
rural,42718,6319993
urban,30046,90890319
urban,90241,18275341
urban,12010,10376625
urban,11772,54194615
urban,94305,452572914
urban,30058,9275540
urban,29414,23972051
urban,77833,5718928
urban,76104,110398389
urban,76104,54615384
urban,76104,57807155
urban,76104,76116595
urban,01844,48348938
urban,29801,26717136
urban,94596,5276728
urban,48230,26266780
urban,30830,1527787
rural,05478,14131871
urban,15243,26363876
urban,72315,3570573
urban,62864,4097315
urban,62864,30209343
rural,57625,904804
urban,48603,143133
rural,87313,1093523
urban,72401,65237128
urban,30097,19339723
urban,36301,58711818
urban,98372,64007926
rural,39367,3725040
urban,57301,8262221
urban,96819,6520466
urban,11373,66872281
urban,47130,22960037
urban,37660,2095035
urban,92505,7376071
urban,80504,13396484
rural,50112,3228548
urban,40351,13065926
urban,27870,15369180
urban,11803,48796248
urban,08865,24423913
rural,55371,4592813
urban,80634,10236939
urban,16803,33484270
urban,99208,24095595
urban,15650,9990217
urban,60622,10892072
urban,60622,27560588
urban,33016,28654353
urban,60644,5630772
urban,97914,5710266
urban,30134,19912497
urban,49221,11979662
urban,44481,17213774
urban,35233,219026522
urban,35233,177639
urban,02721,45599939
urban,33024,16348600
urban,82716,13499980
urban,61520,8039789
urban,45255,29225603
urban,48341,66510780
urban,48341,341583
urban,17402,4887373
urban,72342,1124513
urban,67460,3765465
urban,13413,28832609
urban,39120,11958711
urban,92064,14995114
urban,15146,25144042
urban,15146,12167590
urban,90242,7667059
urban,90242,8805477
urban,55066,6606049
urban,02540,31397297
urban,90502,58239533
rural,49093,2964372
urban,45013,14974667
urban,02115,385611507
rural,04605,7895055
urban,15219,33216554
rural,92225,988728
rural,65613,7425820
urban,59901,35603113
urban,53548,21066248
urban,80303,34320166
urban,37849,35731498
urban,70554,1595889
urban,20744,13383736
urban,60201,186540809
urban,29902,26934256
urban,95482,18600150
urban,53081,3358685
urban,84088,17178847
urban,08401,102009535
urban,29706,3067947
urban,52242,169197669
rural,76234,20594090
urban,55369,9084925
urban,85306,49837160
urban,36049,1308750
rural,29520,7566983
urban,77505,7038040
urban,30214,48410565
urban,91204,32571388
urban,54495,6581043
urban,07109,36518461
rural,70634,4023189
urban,68046,3000251
urban,99216,13794003
rural,92220,8070859
urban,90602,48495498
urban,33155,7519762
urban,64108,28369650
urban,17011,35806447
urban,72601,7214494
urban,47274,7195353
urban,95124,81989864
urban,43402,4533083
urban,67901,11747441
urban,08629,11468723
urban,90732,11979986
urban,94705,45370680
urban,63141,7985125
urban,63141,99532111
rural,72160,2022257
rural,71263,1483155
urban,60134,33349363
urban,04005,22380959
urban,74301,4175538
urban,94904,66864698
urban,33870,14393963
urban,41339,4149862
urban,57783,6327577
urban,36608,25614832
urban,36608,31256450
urban,40456,3122271
urban,98499,16864894
urban,15425,843883
urban,33872,37199031
urban,70809,45760166
urban,55435,56447103
urban,67235,7244452
urban,21157,65214773
urban,44111,50862814
urban,61282,6898112
urban,37355,2886581
urban,40361,1314851
urban,23851,6170071
rural,04736,4077346
rural,31082,1223247
urban,76177,11762616
urban,76177,5083745
urban,47747,130670650
urban,05401,82219951
urban,16509,3297361
urban,66219,270642
urban,34769,10271103
urban,43214,169958655
urban,37748,5883308
urban,92503,14567321
urban,85546,3268875
urban,33321,15717561
urban,02215,249446462
urban,24219,9711826
urban,45385,929016
urban,81003,50094431
urban,90255,5504892
rural,24970,8847771
urban,19401,7745295
urban,19140,137311997
urban,10003,101039828
urban,10003,879441
rural,24614,2836432
urban,63367,23926997
urban,08536,51016147
urban,37067,25094339
urban,83201,38450388
urban,10990,6608122
urban,21237,96449935
urban,15317,3130557
urban,95350,83242968
urban,70403,28555244
urban,70403,2727658
urban,45331,6855586
urban,19611,109037020
urban,84403,44836631
urban,93710,11762216
urban,93710,106366754
urban,31620,498684
urban,22554,12248367
urban,80204,29152654
urban,49307,5210852
urban,45429,68424803
urban,12801,27374704
urban,07740,44890068
urban,92335,22001880
urban,60463,86888595
urban,18102,412143
urban,92037,45103838
urban,92037,101005525
urban,59804,11692196
urban,95991,2171009
urban,91206,107043064
rural,42167,2877710
urban,43055,19346733
urban,45840,24043052
rural,49738,7476607
urban,47374,67372463
urban,29464,11672229
urban,85085,5769132
rural,76255,2791052
urban,89031,948702
urban,60160,18977006
urban,20032,14722488
rural,39845,1874020
rural,63090,14016791
urban,35661,1331189
urban,72117,48120122
urban,38119,25769080
urban,38501,53407127
urban,48382,20447851
urban,04330,26899777
urban,14094,1353702
urban,93405,22427929
urban,88001,1086121
urban,61761,24013574
urban,26062,18346550
urban,75235,131860520
urban,78746,5948927
urban,78746,1681194
urban,72032,11963240
urban,38464,5001943
urban,35209,23850263
urban,32806,197076268
urban,75246,151893648
urban,46158,9919399
rural,83301,29104173
urban,61081,14830853
urban,63376,14631595
urban,60085,22160246
urban,62959,9275797
rural,84078,4692038
urban,23707,33192607
urban,28215,5024831
urban,48154,55192430
urban,15701,9364988
urban,97239,127205219
urban,31750,2075183
urban,34994,93601700
urban,39503,8672767
urban,67801,5730164
urban,54301,25147433
urban,75601,49883447
urban,95521,4880949
urban,77339,1412985
urban,77339,193563
urban,95340,48456141
urban,29212,10619593
urban,30281,40825493
urban,66215,37539672
urban,11787,47921880
urban,34741,42440504
urban,78414,43235977
urban,78414,1648923
urban,65270,7618421
urban,93552,22643299
rural,27565,5453228
rural,33870,14393963
urban,02138,48153182
urban,02138,28878152
urban,95608,86999419
rural,25550,3059148
urban,12901,44814199
urban,85255,32679757
rural,37650,832525
urban,61455,6325089
urban,95667,28890719
urban,31061,6773541
rural,38019,4705125
urban,50158,4971534
urban,56201,9056949
urban,11576,180163600
urban,46804,4803042
urban,46804,62009777
rural,54868,6545145
urban,67037,4629511
urban,63128,77922331
urban,36744,1125488
urban,29621,55317747
urban,54915,20214927
urban,77379,693516
urban,83605,7401279
urban,98531,14195007
rural,34972,11183245
urban,28203,180624371
urban,74601,8202926
urban,27577,29412161
urban,10037,35229870
rural,79339,877064
urban,94545,18310474
urban,75165,22167949
rural,45502,383334
rural,30553,4814349
urban,78155,14582281
urban,97301,75500622
urban,98029,19183239
urban,90503,45209553
urban,72022,4674222
urban,67530,6654361
urban,80023,17236587
urban,07444,41888282
rural,28472,12209151
urban,94040,115101700
urban,82901,8517156
urban,66604,84498139
urban,24014,128017859
urban,68124,70115592
urban,08534,26824958
urban,43016,15843636
urban,77802,61297671
urban,77802,2505010
urban,95355,2588103
urban,95355,90487114
rural,40962,4341185
urban,35462,409088
urban,74012,4988906
urban,67337,5207383
rural,71055,6016830
rural,68701,24989369
urban,38834,34323239
urban,95695,12479980
urban,85120,2239681
urban,44124,66814799
urban,34601,14182488
urban,43113,6228337
urban,36867,12896499
urban,10021,139177818
urban,10021,101121979
urban,41056,6404568
urban,71701,2779222
rural,74023,1735231
urban,98112,
urban,11213,335083
urban,80751,5925579
urban,06830,45428100
urban,30312,30926188
urban,46750,3100825
urban,61108,48367614
urban,48838,5837146
urban,95966,62243841
urban,76384,4657126
urban,82501,9880554
urban,85755,14085076
urban,19152,24297108
urban,30014,12715933
urban,46725,3497182
urban,91402,28306480
urban,91402,6955968
rural,36078,916780
urban,35957,17045842
urban,06450,33146710
urban,23439,37641558
urban,40601,12544711
urban,34233,28918672
urban,94143,394095362
urban,17403,117322244
urban,17403,1221132
urban,84057,7732300
urban,61350,11875335
urban,30513,3372410
rural,40033,3488694
urban,45342,14289200
urban,73080,1233785
urban,76051,35800951
urban,29550,11683724
rural,06069,11134463
urban,16146,13215685
rural,56031,5487722
rural,46725,3497182
urban,75234,6120050
urban,95116,66600862
urban,30180,9954917
urban,23229,69510431
urban,34223,12020238
urban,85032,11363296
urban,45804,28508677
urban,45804,3727491
urban,93003,49472516
urban,93003,26920157
urban,21224,148238480
urban,95476,4534615
urban,48236,80487316
urban,43812,8356121
urban,80045,167252207
urban,04938,4965241
urban,55350,6248068
urban,98223,3614068
urban,36532,27031099
rural,53916,4688957
urban,15237,33021287
urban,76028,26420141
urban,76028,423556
urban,76092,723584
urban,76092,2374673
urban,96001,51200126
urban,96001,486968
urban,96001,87279267
urban,26003,34221475
urban,19107,227591089
urban,19107,57266382
urban,19107,234804
urban,46176,9304188
urban,78229,243048088
urban,78229,115212301
urban,78229,68470468
rural,38485,1372676
urban,79415,60122102
urban,74447,1936481
urban,24333,7054834
rural,37857,749220
urban,02176,31818715
rural,55744,7677016
urban,59806,63291130
urban,61938,29579215
urban,70816,14004620
urban,37087,12226159
urban,52403,31240044
urban,76903,52044929
urban,32224,126454582
urban,60525,33686841
urban,80909,93811394
urban,87701,2811018
urban,71269,2026958
urban,48235,40696827
urban,02879,21745414
rural,36925,180559
urban,75901,20978961
urban,68845,18603517
rural,56501,7652116
urban,37388,9036764
urban,02301,61352629
urban,65804,87499777
urban,75965,14986748
urban,19096,100167234
urban,93940,109492060
urban,03038,15565728
urban,36545,927261
urban,90710,8722818
urban,79601,95735115
urban,78840,5675233
urban,35653,3284134
urban,70605,1003328
urban,70605,689823
urban,33064,32516639
rural,62246,2320704
urban,11554,44548799
urban,28801,160433244
urban,29560,1428651
urban,43935,2559595
rural,78582,2812834
urban,60068,117189430
urban,33511,48905964
rural,36401,3347889
urban,85941,4195487
urban,72015,11531801
rural,29536,6658806
urban,92663,125993303
urban,60504,40588876
urban,68130,16424111
urban,12550,34817516
urban,49085,43588428
urban,77091,8074326
urban,37862,9226659
urban,40004,6408689
urban,95361,3301352
urban,30303,108817438
rural,98632,20318619
urban,30265,4470897
urban,30265,29917337
urban,22701,13176332
urban,66209,30368212
urban,84143,16821704
rural,67846,13545214
urban,19047,63149898
urban,27261,25263678
urban,78654,10763132
rural,59417,937241
urban,48038,68466698
urban,84302,1698404
rural,75979,1288590
urban,64014,10909380
urban,71953,2137234
rural,36420,6771596
urban,92780,11510872
urban,07039,116612540
urban,88240,4913777
urban,08901,175948097
urban,08901,44750298
urban,08690,23596225
rural,77845,29628803
urban,66112,19310060
urban,53566,9828267
urban,10065,714314634
urban,54729,2543293
urban,67114,10136748
urban,37745,9848292
urban,74820,7302635
urban,74820,16440717
urban,72903,48189076
urban,28791,26121011
rural,49735,4923870
urban,31015,7769476
urban,22304,45908394
urban,64086,34936436
urban,84003,6628796
urban,93274,8293010
urban,77015,2115645
urban,66061,29957318
urban,95336,13209735
urban,49684,86595727
urban,10549,31738971
urban,19023,24298147
urban,32177,17129071
urban,34761,28590268
urban,44113,7481593
urban,93306,18027367
urban,17408,16074375
urban,71105,31784084
urban,72764,26639616
urban,37403,82486035
urban,98195,180257277
urban,06040,17554647
urban,85351,58477525
urban,95819,78507641
urban,33881,44102065
urban,97321,7570448
urban,38635,1117332
urban,44053,21455255
urban,02494,19188418
rural,46750,3100825
urban,45631,11553803
urban,94533,81346755
urban,84020,2561342
urban,97520,6477262
urban,89015,422049
urban,28150,30630077
urban,33609,10725860
urban,01854,62671906
urban,65212,99082935
urban,67226,8409017
urban,67226,11629400
urban,67226,15631801
urban,90026,43314665
urban,30680,3606612
urban,54481,7936629
urban,72120,13638008
rural,26155,1796658
urban,44256,18389250
urban,36305,29570584
urban,27103,111138748
urban,27103,1798841
rural,35650,952689
urban,32117,62146971
urban,14642,148234764
urban,60515,61863126
urban,46052,7404857
urban,52722,8197458
urban,57570,1196668
urban,78759,10860777
rural,94574,40707852
urban,21133,59344774
urban,33573,17364985
urban,72335,2719582
urban,44883,8424995
urban,75035,10417549
urban,38555,17286616
urban,98122,65298588
urban,98122,66561216
urban,80229,13101822
urban,23061,10931414
urban,55987,5082329
urban,19124,971205
urban,93030,70473298
urban,07701,51705161
urban,43512,4006063
rural,64735,8365088
urban,37821,4798626
urban,48867,10927609
urban,78044,34746025
rural,30533,1897524
rural,54501,8832806
rural,30401,2206601
urban,53132,2968128
urban,88130,1542889
urban,37334,3162456
urban,79938,17071632
urban,54241,6595792
urban,83301,29104173
urban,20876,17640487
urban,11418,37836079
urban,43228,26469483
urban,19007,8755816
urban,45405,34642941
urban,70808,81755972
urban,08060,38876713
urban,33407,24592405
urban,27607,98661680
urban,60616,4528077
urban,76065,1884213
rural,71052,1298204
urban,17602,107243742
urban,95065,2305674
urban,95065,81832554
rural,93654,2398985
rural,38358,1826163
urban,01550,13511317
urban,33831,5501033
urban,43054,10622543
urban,21225,37206842
urban,07018,12085484
urban,15501,6327264
urban,91360,102419493
rural,41230,5243503
urban,21061,111578182
urban,92691,66945636
urban,67601,35806521
urban,14830,8848235
urban,36925,180559
rural,79065,5384826
urban,76132,28855419
rural,76661,543502
rural,21550,9391649
urban,52803,47997048
urban,12866,26401320
urban,25701,36937895
urban,61103,26310487
urban,75119,1953063
urban,44622,9721177
rural,41653,9710417
urban,44004,15088160
urban,43081,32703975
urban,93291,96596876
urban,42071,13333574
rural,15767,2519886
urban,15090,391965
urban,75226,22001747
urban,29576,24932786
urban,77437,5749130
rural,44857,16187758
urban,46350,261929
urban,46350,18631829
urban,92311,7391924
rural,14141,1700123
urban,34711,33930024
